id,code
279709a0-6ea3-4b83-a39a-6eec08239f1a,HMZRJY53SS
e64f9bec-d201-4a9b-abed-ff8f9b65f178,HMFPR8D5Z3
e6789e1b-ed46-4dd3-89ef-2548e6908566,HMF3AYSMFZ
9df99d65-3c42-4a5b-a1c3-763c4240b7fa,HM9BQWCXTM
6a5d8926-7f6f-4ccc-8434-b1063219dfeb,HMT35MMR9C
9d38d919-f92f-4e1b-b8db-32319efdde6d,HM4FBAH8MC
671d2abc-ad5e-4908-b603-f46192a06662,HMK59NJ9C9
ec404d36-9289-4c2c-921c-84d613731a96,HMQPW8JYZ2
229b5df6-a77d-41e4-9fcf-4bbf2ee75014,HMKXQ8MWAA
3cbf24f5-c9d6-4d97-9e2e-6a8317485a1d,HMCFXA5MB4
d93627a2-5b23-439f-9edb-588af2f97008,HM3TSY9P2P
14b019a2-b72a-4244-86f7-3fd030399696,HMSPMMNFCH
819bb182-b066-4b49-a625-b6bfb837b9d1,HM5Z2FHNJQ
542bbacf-8a34-4ade-8980-1c5b26bca7b1,HMBTZYJRYE
c8964ca6-51bf-4df1-9b5b-5ad1cb2c5963,HMRBRNEXKM
11cbf252-56e9-4efa-b3eb-c56224b32912,HMDHM9Q8JF
d239e441-b027-4759-948b-acc094cf1d58,HM3YFNRFBE
be53697f-5047-4266-a9f1-fa066d2ec201,HMJK5H9HES
668ad272-f696-40af-b471-53eee2cde678,HMXQ5QNMJ3
77560d77-1a67-4350-97b7-51e15a0e0ac9,HMCT5YNHJN
9448f66e-ca21-428f-b954-c7fcdd0f59a9,HMES3C2BJ4
650fbc00-1ca7-4c15-8f19-e3009665990d,HMNFRSARBF
77470c19-e96b-4b8e-91d2-5f04e6d43e15,HMMF4YNNYT
5123e2f0-466c-4658-a2b0-17e33d3ecd62,HM2DRMA3Z4
f127c2dd-f4fa-4877-8936-afadd9b6de95,HMA3HWTXBQ
c6e4b9bc-5e82-4c26-b41e-051a5420e186,HMF4X94J49
783dfeeb-1dbf-46fe-b949-c2fdd326a17b,HMEQC5NJQJ
f30ff5c0-1a90-4f02-bc5f-5323a0ccea5e,HM8QYQCZJA
bbaf48cc-f8fa-431c-a721-562819a1bec8,HMAE38Y4BT
760235de-23ce-4139-8a5b-1a659e18015b,HMX58PACQJ
1ca74e00-897c-414f-8aa7-ebe2252e39ba,HM55MSSAMN
b0312fd5-c22a-4f77-bc17-9a1b44843de9,HMZXWWQY3K
4f51fdae-b416-45a6-a7ca-6dc60d825267,HM325J8C5D
4bfc92d3-8737-4464-b8a6-107b72870770,HMEZJXSQRB
bc0b8e53-8620-47e5-a1ad-6fbec957372a,HM9KYAZE9Q
26cc9ea1-e2cf-4a13-a0fc-0835f1de2afa,HMJE5WJRR4
3b29fc15-a366-4167-af7f-ccd9b59090e6,HMKCMNB2D9
5259f3fe-f076-406e-9613-dd01db945789,HMMFPFX5YS
862587d8-bcba-444b-8ac4-e0a4657d8140,HMPT5PK343
5b389c06-6057-457e-9f43-3ffa220cfa4b,HMDEK8K4D9
a5d9c064-dfec-4f42-a7b6-39f3e954bf7b,HMMZADW8BF
78cdf4c4-a02a-45ae-9003-117ab250921d,HMTWKH4T45
136f1467-bcee-4cf9-b277-d209f7217dc3,HM2P3PZFQZ
836d4344-2d2a-46a5-9f46-d5b0e691498d,HM3YYFTFH8
c602f9d9-e036-408d-8b30-92ec5731f1db,HMW9P4RYS2
154b884d-8094-4d04-9b68-0dbc798b5fdf,HMYHTZX8HE
0db24cb5-4440-44cb-ac82-130defc97a65,HM8FDTYFEX
2ab74cf2-2b17-4809-94fd-1b4b96d2c016,HMZ9JQH2W3
06c7a48e-af5e-43da-ac45-e76690b9280e,HMYFPTSSR3
8cdf857a-cb17-43b0-a616-7e87dd6fb625,HMYR9F9NKM
8def669d-5cc6-4787-be51-695add70a6a4,HMQDNSSNCM
b71254a5-086c-4526-9a8f-c2a45d1dc181,HMMEPDX3TK
66d79bc5-92e7-4d90-87c3-15fa440c1e00,HMQ449PXBX
fda9d97b-ffb0-4b61-8c4b-ed524f19701c,HMJKYECXCF
188d17f0-d656-4479-89fe-4112807089fa,HMWAP2NN8W
6e664463-f6b4-4529-bc4f-8f447ae1b323,HMXM9QAW5C
6c282b9c-e167-4050-a125-1582412089ae,HMXQMWHQMH
bb401230-be94-43c0-b480-7d5c9ce03bbe,D9XMRP
f798e4e4-6a89-459d-81ff-b84ebeda0b9e,HME9X22RNQ
f64e8602-9933-4d37-8a84-27b692293eed,HM95A2ZDTY
23ee450f-4530-4d85-b0a9-477dfa10c431,HMPP889MRD
4064291a-6f9b-4641-99c6-246f483f9586,HM5Q2KWTSK
115ddcf4-617d-4d28-ad0e-24f9f192731e,HMESRE22ZW
e6b69973-9c26-4611-97d8-ddfb3adf871f,HMW3P4WDCR
bc2889d1-3345-4635-98df-1ae0df60cac9,HMEAZXKMPH
b0a30e50-43d1-4df0-823a-9c9036becd67,RGVV6O
3b0b7215-d502-4680-b05c-787f1e5db791,HMFM3B9K5Z
756eb472-1607-4acb-9855-67e62b89aace,HMM5P2C8HW
11a4d521-d7ef-45f8-8c74-e69f315e18df,HME59ZJJMC
37ea0f94-950d-43b7-aa84-da35fd3f1213,HMR3M2MCNX
d493314c-16e6-4d7f-8a57-48c26320de9a,HM4JD555ZQ
7c0abe49-cc69-469a-a6c6-fe5689ac46ff,HMBZFCFNWZ
a3daf265-3829-4253-970f-0256815be64c,HMNH8FS4HX
cc062b05-0340-4472-b5b9-1644aa9391c5,HMWPX8RDTM
de86dda9-5e7f-456b-b52e-0397e84e4e22,HME3SJ32JF
fe6cac3d-f550-4251-bfae-077cf2817b64,HMFWEEJAEB
f37562dc-2e25-4d9f-820b-7e1f47398b07,HMX5SJDH8T
312c5618-39ff-44ec-94c2-91d4d05368f3,HM3D9C32Y5
90045233-b7d0-4307-86a1-baca17b77f81,HMP4EP4NCJ
690f0a4d-4385-4875-8f91-74ce5f436a2e,HMDBK5TKEZ
c11c1993-640f-4d6b-a8ff-c471483d144b,HMAC4BZJB5
85afb2c4-be31-40be-a690-1533ebd8f8fc,HMDQF25XDX
aa5ecc47-5e44-49cd-975f-ec44e5245fb7,HMYX8YQSDQ
a7a4a0dd-7cb4-4a33-9899-18e62b9d7e8c,HMWM5NA8MN
cea78dbc-df8c-4eec-9a88-84d9cddda136,HM9ZQJ3SYW
d89079ef-58cb-4ec6-9053-d6f59dcf6162,HMKWEEYNTA
d51b8e87-eac0-41d0-89fa-0d86507cf06e,HMDECSNSJ3
764ac0dd-1641-4757-9525-8c80472245f6,HMCR2Q5SPF
a37e9f8e-e056-47b5-bdca-1bf499ad0b66,HMR85WM549
e55852f7-3cf5-4364-b3fd-1211afc26de3,HM8WJPEFRA
208c35dd-13e9-4802-841f-a08cc99e857e,HM4CNJMB54
82d64ebb-7e64-4c3d-92e8-97112030b7ed,HMFJNP5SDE
5032e3b0-2af9-48c9-af9f-a3cf03a0a8b7,HMWYDNYBYB
a3a39f31-b053-4fed-a7c0-affb5cdb06f1,HMKX2TC52Y
0f80bd3c-e8f5-4a4c-9af6-ca2bccb6408c,HMQPFEYKHP
9c07d180-0b6d-4393-9b1a-50daa5e77ed6,HMC2QMKD44
c1263e63-2fe3-406a-9b35-f8dbe97e773e,HMHEAMJBD3
477a85d1-a192-4320-83b6-612d8eb7a8e3,HMZN9ZD9P3
ca22d0a0-90d7-4d21-92aa-04ab6a7365e1,HMCMMRTRNP
d6775948-3661-47cb-bed5-8c4c54230d1b,HMRBYS8WNS
83adff53-7f50-4002-8029-ca712b170b7d,HMJJHY88E3
2334245a-5ad9-438b-8e52-852593232c0d,HMX4E9P2AW
94b1e7b3-649a-42b8-b6f9-17a0e648934a,HM2J5AP9S4
06f66b9c-8631-404d-8b8b-70bcdd9ca20f,HMXK5BKXEX
3299a4e4-0a0a-4209-948f-f143b9382553,HMBQM8PKQD
770858cb-0ee7-47ff-a10e-b42b7aec1078,HMTPJBFN24
8f524b6b-d7fe-4274-a631-d1f8c67d16af,HMNB8EXYHC
59b47700-d027-4c4e-9fd9-b3c5e36cf46a,HM95HMXQ8Z
a40ff8d9-4ab7-4b6a-8ca1-3a03e6240e9e,HMWRK2ATWA
e710d213-376b-47a3-83cd-b08be8df5cdc,HMY3RHYFE8
81568bd9-c50f-4de5-b9d8-5ba8eaea3a8a,HMQZSR43MT
454649ca-0cd7-44a6-963b-98da2d2e2745,HMC8S5QQCZ
791180c4-e7cf-4b77-b968-16535369e55d,HM4WKFKBJX
e7a22119-0cb1-4397-9d3f-e7a201329a3a,HMC9QBNCWW
4124097e-0f5f-489b-b018-ddc282d47804,HMWQHNYF2B
d51f2077-9fc9-49da-b142-864f658d7ef5,HMPDAKERA3
2142b672-ce78-442e-97f5-48358208cfde,HMASXNQHMD
82eaa774-ae50-4671-a11c-245d1b4fd521,HMWD5WERMH
6a4aa684-3007-4b73-9214-384c04925656,HM4RECKBSZ
7c11c649-891d-4637-bb34-df23ccf354ab,HM9SF5AJNH
c68298cf-f6e3-4b02-b93a-436dbdc3aad3,HMBPEDQMM3
8ae65698-3cbc-4770-9a10-6887cb7a35b9,HMZ9MKNY4A
7e31739c-9e92-49a6-8cb9-2abb3057cbdc,HM394ZJMC9
649188ed-0765-431e-8025-ad81a5cfc600,HMQH8XARFM
6cc682b4-8f7e-463f-a506-3bb2982d1fc1,HMYMZDP4SA
d5d2b436-3138-442d-9252-138ac0f1e7dd,HMEW9YZA9D
48987ce5-8882-4aa4-9f63-84f04cf95ee1,HMMDMWCJSW
ab9a678b-9a5c-422c-bc0e-1ea2621c0279,HMAR8FD9BX
8055d712-222e-455d-b0e4-313837e01f8f,HMR2SQZT4Z
f2d933ea-0891-49c3-9594-3e546ecf97da,HMKWWBQCNJ
f395ccdd-e331-43bd-ade7-64323f132ebd,HMSDEDTNWD
aae57d1e-5909-47d6-acf9-ebfc875f0764,HMDH93TZHF
bb9f434a-7bb6-4005-9008-724ef44115d5,HMMA9Q45A5
2e7faede-474c-4fc1-98c3-05c593120bdc,HMZQ9B4W35
a0ce2359-55d9-4d5b-983f-98c0d428d207,HMTJ2YYDQ4
0ec01750-f9ee-4630-8adc-be38b5b5d06f,HM825SP8TA
d5488a0c-70fe-4f3e-ba7b-6c0cb00c0c1a,HMRQPQJYRW
6afc337b-f360-44d7-9f5f-eaf1cd154e76,HMCE2EXTYR
df18a58c-e6a9-4501-8a46-5153d0773490,HMAW9TFNJF
c55121ef-c25a-4131-a076-8ba8a53a8944,HM5DNZAA5D
0f5cd8ef-7473-4df3-9254-eae796e50703,HMHKN4JK4J
31dccd5a-e382-4d3b-ac1b-c614ffda0fa1,HMZTRERDEJ
e9b78eb2-7301-484c-91b1-3c6d79bf5ec5,HMNF5HZ5KA
f0ad71d8-7946-4357-95b0-f7600163ab2a,HMSZY45DMC
3e352110-ac85-4662-8569-f6d40ec61385,HMMXRY4FEJ
19ad98f9-c6e9-47a8-abf8-d23a73d2638e,HMCNC5FACT
80c87a73-a0e9-4c23-a0cb-5060b8581273,HMEKDC5DWB
486ba638-a3f7-434b-8263-067c5570e6f7,HMNJSQ8DEP
dd80f315-9109-48b2-a4f5-db76cff8ca03,HMPMFRC3HN
83d1a693-3e55-42e1-9e58-40a9195299d9,HM4RJMYQXA
2cc3441f-2f9f-46f6-9136-a3437db4177d,HMKAFNAE8T
520d08ed-104e-498d-9b49-0bae141a307c,HMZ82NXM2D
8400ce52-08f0-4949-aaa5-0200f81e9cb7,HM84BC2JA3
65f46124-e58f-4ff9-ade5-52fd466552fd,HMBWD9MSRX
2570e824-b612-4f8a-8c9e-48acb17e1390,HMK3M3PJSA
fef54c30-9c08-4bd6-b04e-206a6dfc8b60,HMPHHPHSN8
5f010345-7c04-42ab-b1a3-ee1d891d68ba,HMYCFNPH93
30361865-2012-47f2-b74a-3f159c9bceb9,HM24M329BY
67852a9b-3c43-416d-8fa0-20d39360d87d,HMEE225RAH
3cac9225-499c-4a5a-b0ae-03af76d0ab26,HMP5Z4AK8K
eac4bc90-2188-4ce4-bb6a-d78ef7e12295,HMTXARNQFY
d8989a85-e44e-4991-a565-1245d4d8665f,HMN3843YTZ
ac7e7912-cb5f-49c0-ba2e-dd4062573569,HMX4M4P8D3
4b307efb-288a-4e74-9b21-0a8b18bcb01a,HMRBH3NR4E
bdce3afa-d718-430e-8138-9101e8d82fe1,HMD54Z98CD
9873cd37-63ce-410a-9626-6aafb767aa1a,HMKBQCRBD3
525c9bfc-f896-41d5-8de9-a5e5b4a00b9b,HMHWSFC4RH
afe723c8-d507-4513-ab86-080d78627bbd,HM8QJ2HB4S
cdd2ac93-e158-46b8-a51d-41b3830d3525,HMXHMK9PCN
18550b1a-1154-4456-965a-bad544bb5831,HMX8KZW8T3
b5235987-b92f-41da-a62a-00c66921634e,HMNM2TYPNT
4b7a7735-dfbb-402d-a1c9-62d6210088ea,HMTW9ZZAFQ
d45b0720-0fd3-4e0f-97f0-5c474fc85c1e,HMWMJD32YA
832f6708-55eb-4168-8060-db0228c989ba,HMFJ4DD23P
d8108f5d-6cff-4764-9e88-ccff0d0659d4,HM4M9MJ3JF
56c00ebc-3e9c-460b-86be-dc3a3d251eeb,HMW8SRXYRJ
7fccb1a3-2b1e-4974-b907-1b471dc45890,HM8R5FB9FA
b758009a-155d-42a6-beb8-4ba34166a23a,HMJFT2SPQJ
33cf6475-edf2-4549-bb34-bb083d0ad93d,HMXZDMK5AT
4c2d7510-4cbc-478b-a8c4-056db9d0d827,HMQECEY4QY
e3e6fff7-543b-4446-b3fc-a5f75f0c6503,HM2EH2CZQE
ca25d99c-5f04-4280-b7c1-b4b2279d04fd,HMKD8MSPNC
6ad2128e-8c8d-4ae8-ba3e-3679a354febe,HMBBFY5YZT
aea382b3-2976-44b3-8a52-45ecc28be3c4,HMHN5BB2AD
5638cfd6-03a6-4a6e-a986-c925c4c0e6fc,HM4WCSMMJM
f35090c0-edc3-411c-88ea-b5a800609ae1,HM85RWCXQA
d15be37a-bc7f-4fb2-9f27-a7e74760d3c2,HMFRQTNDB3
121c5dba-3962-4119-a070-2f27db89850b,HMCASBBRJC
5ef70cb2-5f3f-4e6f-ad01-6d2be425e513,HMRH2ACAYB
f36c80c2-9fc4-4f13-9148-57d35fab33dd,HMHEKRAJZJ
1a00b80d-d1d6-4ec4-a5c9-32ca930c3e0c,HME3AF8AHN
accfa669-3871-4d8d-b4e2-44c1d9678f95,HMX5ZBTRY2
c9e2eb64-8aa1-4ee8-9b14-b91b3f097efc,HMAFSMSXFJ
8d7fcb38-8eee-4908-acc0-ed1c02c467fc,HM24SPDMB9
e29dd198-c60d-4052-b6da-1c403c5d463a,HMA8Z4PXDP
d8c877e3-b2b3-4525-9b52-9a949d3fe908,HMPJRFS42Y
30d7dab3-a52d-4187-8610-0f8f99b385ac,HM4CB3BNT3
6e3f3515-7299-4353-8dc2-f07982840035,HMC8ATP2E5
b274d63c-ddf2-4be6-be22-3db3da200904,HMFZBPTHBR
d558fea5-726f-41b8-81d9-b7c67cdbca6f,HMKSY2EJS3
29cb5a44-a57f-467e-8b0a-c9268c0cd630,HMQQZTEA52
bb86ef08-c533-4898-b5d6-9d546a7d0262,HMCNWWCWXS
389d8101-0cb8-4b4a-9b10-6ef5dac28fbc,HM25XR52YC
cc1ac2ff-ec62-4488-a3c8-28b11832f155,HMDTNTMXFM
a76fa2ab-471a-4be7-9f7b-0b8c418a57dd,HM4XSKECEY
3d76d2d9-cd53-4890-b3e8-66518be3a73c,HMWKND8J9Z
5b792ff7-704d-4d35-9010-dafcfb380a5b,HMQDRM2SNN
8d973180-bb1a-4b62-b8c1-2aa83d2f3eee,HM9SX2QQXS
f7b506a8-eee5-4029-99d1-c1cc3f8bc5dd,HMJJKNC945
66547ca0-d957-4577-95f1-4e5a48b9c623,HM8YH833MX
3a77b129-d4be-45c5-94a1-7a4563a34422,HM889AWT52
b48c446c-56b2-4d82-b3c0-75599c347eae,HMXW9TECZH
5e3f5f39-80d2-4759-9289-ad617760a109,HM2RHYP8Z5
8b8820fd-6553-447d-a24c-e27d664ab2e7,HMTJ33ZBWX
6de1ab65-a762-4713-85a7-164d885b8559,HM9N3993QR
cf73221c-a8e7-41bb-b47c-22c48a2d22f9,HMYNDFANZW
263a71c9-fb0d-44a9-9bec-7ce5498f9a9d,HMT8MSHNHJ
5bc787c9-0a53-4155-974d-7ad4f6dc69c0,HMZCMXMBNT
65e4de73-69a1-478a-8271-d181c5657d93,HMQCPKE3NE
ee932b16-d81a-4a63-aa4d-28db1106be97,HMC5FHKYWZ
02906085-4b6a-4af6-970c-1014e79d2986,HM4K9NNEHE
b1a5536f-38d5-44f1-addd-acc7816b3e84,HM99M942EJ
ffed8929-d289-4aa4-ae1f-83beea9330db,HMKTP2ZRHP
8e0b8455-bafa-47b1-a458-8abd8608a499,HMMDEDZ39P
ca095a55-b63c-4f96-848d-4a969a59d2db,HMRFCHYCH3
72cc2732-1781-43a8-b719-0bca9fb0babe,HMHDMQCS9T
b51458bc-7f55-4861-aa23-ff1b4f35fcfc,HMZDWPS3FS
e95bf504-2449-4736-9c93-988bc5414783,HMQ25EHR4K
e499b65f-6e7f-4283-812f-7f7b3877f38b,HMKFNPPW3B
fa0083f9-43bf-4142-9b3d-3db719226a23,HMK3K2ARY3
42c951a6-4aee-4cd0-b214-fedc4d3bb051,HMSH9DKX3T
1b0b9277-d615-48b7-912d-80729b175592,HM4EZCATCY
c8ebaa63-0a43-48ea-b8e7-d6bcac16a8d3,HM8K9K5ZDJ
ff36d594-f992-4eb3-b760-18c298b79763,HMHASD3RBR
41bf0b51-c2d1-4dac-b934-cccf7c16db51,HM4MKDMBMA
34aa4714-3c5d-412d-a750-f83616fe0f8d,HMYTECMH93
65ba7030-a7c9-4fa9-bfc7-6ccfd0353128,HMEQHWKXH8
48dfc749-bfe6-4fea-ad01-6f949efd20a2,HMDADFXCXE
d394b753-203e-4274-9e4e-361ebc833e0f,HMB9W83QWF
decadccc-9b28-4ccf-b03b-498696e279ca,HM23ACRQ48
c8c4af7f-b50d-4fc9-9fb4-b4793a378b84,HMR84NEYH9
3356f7d1-36d8-464c-8562-bfd4d0735ce6,HMSMAAXE35
4cc93904-dee6-4451-acd7-92134e605cf4,HM9JMNBSQB
1d43d5e5-f07d-4a01-b33d-36f84cdfa0da,HMNDYCM8J8
3b4585d0-b6a9-4efb-ae59-c57580f6f4c0,HM9HWDSDP5
630acb0a-83fa-4e2b-b394-273106195c67,HMTT9PJZ4S
68b777cd-fb42-41fc-9814-9db2aeda97d5,HMMRZHDKJK
f125cfe5-bc38-4605-b165-21981ef54aec,HMYSSHX95Y
416a66e9-809e-41b5-a9dc-1cdfee67ef67,HMQQHX89FS
baa9ce46-d8f4-41a4-a6d5-965804e2acd8,HMXWY3HP5P
5d6da758-395a-409e-9367-9224c600ebae,HMRTEAC2PP
28845d14-ae9f-4f5b-a72d-487dc6d88cc2,HMPSYDTBTT
2269f45d-02e3-4f9a-b25a-41dc549a1c79,HM498FKHKK
5b84dc3a-b610-4670-ac26-6b0314e49443,HMXWBYQKCN
53f13262-af75-4ee0-9084-6fa916a919b0,HMZJNH9KNW
b0db70de-66cb-42af-b274-db540118f1a9,HM9E3N8MJW
dc13b448-a193-4c53-9ba1-db133bf55c36,HMFR2ZC5ZE
2d63872f-a441-4c38-b877-6c30357c54de,HMYHA4CDCE
e0f2276c-734c-4154-b11a-829a5e27a4ad,HMDKH94PEF
6dcb9589-f47b-41d5-9e70-f0f74ce99f32,HMA844YQQW
3c452450-7fbd-46d1-acfd-e5f9c66882a8,HM9QAXSPQE
197e3464-3e65-497b-bd28-fd8262343293,HMYX59CYZA
ca20e2dc-dc35-48b7-bbe1-620f760f9043,HMPXTTE8XB
c2492e97-3a08-484e-aeb8-a2847d3a2ec7,HMA8CYMFKB
d012cc83-ee5c-46d1-ac59-bcd3fa854c83,HMKMJSHY3Q
905d736f-00a7-43c9-9fcd-318e731b2265,HMXAYAEF9K
3f9bc554-75f0-4dff-9074-686fe4544ff1,HM9ENRRE2X
e7734ac2-1590-4ac6-a9ef-c9431eab6ef2,HMB4JQHRSP
7fbe3beb-a314-46ed-a1c9-c25a15c05bd9,HM3MHAA9EA
794393ed-a249-494f-b534-b85d88a5d656,HMYPK8SW2S
44ea153f-5d8f-45ae-af6d-3b9e2c1db9b1,WQZZ57
dea7a8b4-3f22-4ea6-9b8b-69919d42faeb,HMCRRNBFER
051d0166-54c1-4b26-b09c-39a3722faded,HMZ3NECYKN
f3ca82ee-f885-42d3-9dfd-e6d0ea564220,HM5JWBWF3R
1b2ba16f-108a-4aef-9405-970f254457fb,HM4R3XANC9
4bd821a1-d7df-4da9-a5fd-00f45e41091d,OE4M6Z
f241ca8a-f843-442e-bd16-e347b2dfb4fb,HMRJHHE5JD
2e6f7c9f-270f-4d14-a99a-67b325f31a25,HMQHFH59KW
7ee9202c-afc3-44c4-b5bd-8f49b1ce6bc9,HM4J53FKWT
f0d0f761-a102-43d5-a7b7-37244dd68221,HMCJ3AQM4F
44fbefb8-44f8-46c7-9bd0-f70aa54960dd,HMA5TTXCDX
eecc8417-be73-4e1a-8832-55525aa84a30,HMSQW25ZBK
7811824f-a127-4e74-a810-252ed09329bc,HMZS9XXRNJ
d1975b73-90cc-4c4b-b781-7baa6817bd7a,HMR953CRF3
c26f5d15-c6eb-4e6c-95ee-06b516462fd6,HMH993PD5D
e8b9a9bb-6b7f-4c0a-b79e-d14f0e26738a,HMNRPHDEWP
4aa9a9c4-36ec-4154-9862-42268e874cfa,HMZBJCMKKD
b84cf33a-9f96-4d03-a72d-07357a1b505e,HM599FR9PJ
1ec693e0-4213-405f-8d0b-996da818c8fe,HMJAE9C9BT
06552f62-9f93-42b0-9594-c80d8677271c,HM5BRD5HJR
05570099-89d9-47a8-af34-173129fe1f79,HMKJQP5242
5af18fa8-073d-4d53-9162-86a41e57d165,HMKBRT8J5C
ac1a8351-700f-495c-9044-eef5d394a8bb,HM4QF3BXF9
c78534ec-2d6d-43ff-b946-94eee87f2ecd,HMA8RMMQ4S
8aebcd15-74bb-46b3-83e1-c13df55f0a3b,HMD5WQMCP9
4e16c8fa-ac61-48ff-8d0a-cfb6eef4a9cd,HMKRYEF3NN
b61e209f-5c04-4535-92b4-3aadfb00d876,HMPMQQFXH3
de69e993-e6ef-4b3a-95db-a2bcd691452f,HMNCK4M8N2
4fa6a06a-83c7-4466-9085-6b759d56a3e5,HM3TA424R2
426c6bb5-317a-4618-8937-38b1bce89ded,HMY29MY32P
6efe47a4-1680-4846-939f-c88782e2a9b3,HMCAQZYME3
8f7ffff0-1cfb-42d2-8c3c-fc7bb802e655,HM2WX42B9E
2507b5fa-e183-4b4a-aaf7-c48cb8cf2ebd,HMNTAAM83B
d5430c47-2329-4f7d-a76e-ac3503c6b755,HMNARJMMTY
8403af0b-f803-4121-aa27-3837636aab2a,HM34DKNW25
6d65f58b-6920-46b6-a342-ffead8aff6f1,HMQFZ4JJ9P
328d425c-71cc-42e4-98a9-6b9bd9b8fa55,HMYEDRTR5N
427292d4-1d07-4417-ab61-4bf0458c4b60,HM9H8T9ETW
1cdd962d-7f3c-4b3d-9305-18dd6d230bb9,HMC9S4TKEP
89652df9-652d-4fb0-94e9-2825ebeebfef,HMHMH84AN5
43d187fe-449c-4959-bd38-debbae5ab948,HMD5RKNMB5
5252f063-099b-49c2-beb9-db09ab2a652d,HMJH2TRKW2
e3e5e4b1-19dd-48a0-bb10-3297fead8184,HMKBAFTYSH
0aec1015-39ac-4cb6-96bf-1dadc37805fe,HMSHCK8ZZH
4a4ce174-8d5f-4035-8116-85273d58912a,HMBFMXDMWW
2ed6e35b-4ec6-4245-8b67-365603bd7bc2,HMCC2WR54W
760bfc8a-d603-4013-b3aa-6f010208214c,HMHFQYHRWZ
90071e00-c399-48c9-920b-c21db7b46035,HMFSB9MZCF
6da1ef5a-343a-435d-ba23-c5450681be39,HMRDDDQBNJ
f8e1c2db-bdbb-49ce-ba35-ed42f31c8902,HMBWKHYW8E
4f669643-279d-4026-9af2-8a6917392d60,HM3RAYP552
6d811848-32e7-4a73-9c37-2b49b39f17b2,HMBMJWQQNM
bf24fa8d-237e-4dd6-b8a1-cf96afa32c59,HM834C4MRE
13da3826-b74f-452e-8891-10f2d68c92cb,HMPABRBQPD
492b568b-d5b0-49cc-8222-de2596af516d,HMRWHPFPSA
908c38cd-32d8-4bb3-8891-9dbd29ebe4ca,HMDBSFSPZW
5c97f390-a568-42ab-b66f-459174824df5,HMEKSB9ECK
79ceec96-f48d-4468-ad59-549834ebd39b,HMMZN8D2YS
b6de0f13-7203-4dd7-a230-8cb309b83089,HM9QN22NDA
f8d5eec8-c427-4701-a015-296227411a35,HMMS8KRCS4
d57d91bd-00ab-473d-9127-353ac6cad5b0,YZNS2O
94862caf-6a9d-49cc-b18d-2ce637bfc85d,HM5CDE539Y
83d7de95-99e2-4ad6-a000-2228e9a4b4d8,HMWMW9NJKJ
76fc5a46-e46c-42ce-9a88-8f639139e563,HM48QK5ZJC
fed63f3e-7d7a-49ab-84bb-de81a0695676,HM4R8WM5D4
75e931f8-d540-4dd5-b07f-85c394ed1697,HMJCSF3S3E
5967c71b-254f-4045-a00e-ca2a4a3a56ec,HMCBRE5W4W
892dfd01-4efb-4127-a351-e271d10099b1,HMEJ4XTY3M
bf4673df-21c9-4d0f-9728-102110a70872,HMQH4EFXZP
5ff8b887-2f3d-4e11-822d-44446722c9e2,HMRZHW89PS
d60107ce-19f9-403b-a6a0-25ba525e8e89,HMBCTRXJ8Y
233ef3dc-a495-4113-b9e4-fb1db57089c9,HMBH9DHSZT
975fe992-05ab-413f-922e-a46789d90446,HMPJDR245K
cd0cdddd-3f34-406f-b865-3ae6b3e29b9e,HMN9FQ3BDR
1ef18681-ab18-4fcb-ab29-388a0d03de2e,HM92QADJ9R
e4de5c1f-7208-4749-9874-17438e8aebd9,HM3EREHWYS
37d0d26e-a09c-4c73-ba00-3359398291aa,HMMA228HM3
2c51aca2-939b-4831-96bb-aca1b1e6bd95,HMA2FMRWMH
0fd0cfa6-57cf-49aa-a98b-95826d090b84,HM8Q342ZMB
849d2f90-f6ed-4384-ac5c-328c601347dd,HM52XQ825Y
951de160-1cca-46d7-90fe-a835f13c9164,HM5QQBY2FC
b902d818-c0f3-49e6-9b53-6e34a92bce37,HMRBXRJCXS
c0e5d71a-2357-48f1-8e2b-57c9f35f332e,HMNXYBPHD8
079748f7-695e-405f-ac6d-a995caa72a2f,HM3ZJP8P9S
58799595-3138-4f70-a3ca-61e08acda4d2,HM459YMRJM
0c392c9f-1aae-493b-9ec2-070676b80e98,HMDSC5MYQR
92d1ae71-f422-45e5-9cef-3e48f6fcba24,HMNWPBEKFE
e5da2006-4c3b-427e-bd7e-fc8c0ebc6453,HM5HQRHZZC
4e57e456-d8a4-4856-baf0-6cdeecc443ff,HM3X48HSF9
423a6ecf-6653-445b-b9e0-474a04b23fb2,HMD5PTNXAA
bb8118a7-71cd-425a-b23d-76c9e08917b5,HME543YRBX
4da82fb0-4565-4de9-ac68-45f5fd0db72a,HMS9FDJ5C5
a52bf9bd-cebc-41a6-8d26-24c7dae44752,HM2Z3YBBA5
85515c12-f662-43b3-ba41-3de7ad0b6b5e,HMAZAQW8H3
0326362a-41d7-49ae-997d-11d8a94c2269,HMJP3EHEKQ
3ee6f24f-49ae-4f58-9933-3ccf4382ba74,HMPXT82KB8
a148beb1-96c2-4a55-9a9b-40aa3e77a7d0,HMQE8CYPJF
1ffdab3a-6bce-479e-b1a7-b8c26f5e8bab,HMJNT5MXZZ
6a515775-ef63-4f02-8383-8732bdd635c7,HMBR5TN5YH
f4b2f83f-c018-465e-a773-e196eaa716c5,HMJRBM9KJ9
5e21aa9b-c430-4de4-81d8-78bf15fa130e,HMECCPKF4Q
7f1391c7-c233-4f48-acef-ff2dd9302677,HMK939WEMM
6d97a0bc-041e-4ba3-b6b0-5849d143f03a,HMCMHZQCRH
e0318cf3-7023-4874-923a-8e8c7bb0e250,HMTAPRFNR2
0be0d508-b295-4fe9-818e-07cac9318d5e,HM2AHFEKKZ
e43e85ac-0069-4f72-9d3a-8c7ea8bda925,HMWDRCQZ4Y
8257d1cc-946f-4ab8-a5b5-3f44f1cdb8e8,HMM94ECJJ8
05beb1a2-13fc-490e-ba25-91a6fb193ea2,HMSXCBCTS4
da9bea2d-4ea7-4687-9f34-fc6ca8a51c05,HMQHPHXAAF
83fb2c2b-aea5-40d3-a249-afbd9bd5db2b,HMRHNHZEQ5
1b3bb713-0c60-4bf4-a290-a9ae30959d1d,HMP3EJYJAN
1d30215f-2722-4aa6-bff1-3bae82a978ef,HMKS9EQQKX
29589709-eec4-43ca-b926-5d77b0553aa1,HMWNWNZ2TT
2eba4b68-55ad-4992-903d-7f97cd71bb30,HMZF8RY8N8
62ab214b-e5bd-4b9e-ae6c-899303ad7a18,HMYXWCJ3W9
2633734a-7207-4421-8428-bda79fb9dd95,HMZMWNF89Q
92dcd30a-2d3d-473b-be8f-63c658969c98,HMEQDA3ECJ
e42dd540-ef18-4fbf-9b33-c5f0984e64e7,HMC5SFBRNE
0e5acd71-a0b5-43aa-b5f9-121a648fc441,HMWCATQ29B
18fffbb7-30e7-4d59-a8e3-614dd9f3dc38,HMMFE554EQ
2dda14df-0884-4232-9fdf-10dceb992ca1,HMHQCZ5CW8
3a487a96-486f-4ffc-be99-90f3eec15647,HMQ3Z9KR4W
af8b7638-a105-4ea9-9132-ef7530651577,HM5MDM3H95
0a6e3a37-d76d-4cb6-88a5-ac1c3a04404e,HMDHT5ZWMK
30604df5-dcb6-4205-8b22-9be1afa38e82,HM25HEQZSE
385d790b-fa22-4133-bc6f-058ba3a830f7,HMDE3DCPDK
d67f448b-8443-486d-a748-1dbc609ad974,HMY8YSW5ND
a1537f81-70f6-41a8-b31f-863078425d58,HM4AEAA223
b1570a94-5af3-42e1-bc08-a590314574c0,HM2ARHJYPN
9ac90f37-63da-40eb-b830-79405ccbe74a,HM4W9CZ88P
f0c43e65-4a2f-4f8f-a47f-091c56e82eec,HMA9P44BKT
d3894e27-1dbb-4730-a23e-253661d19e61,HMJ9TBNHCM
eeba9cdb-eb44-4aab-92e9-63b60f817f21,HMEWQS3WDR
6d099217-96ea-412d-93ec-17d9cc6d05e1,HMBHHES5MX
2a7f6c9c-cb68-45e2-8e3f-f4d1449557e2,HMEF3BAHND
3e38b05c-177a-4fee-993a-f507dbe594f1,HMYBFJ32KK
07f0ffa0-d9cd-4ab2-b944-7ed67410876d,HMAC8F4N2S
59ff6541-a98a-4f58-a8c2-e6fa0eb4161e,HMXHEPEYKW
a152deb8-0cdd-49e5-8fc6-15976fc3d1ba,HM5C39KXW3
8f08476d-b81e-4945-b0bc-7a6b8d3887fe,HMATHK9FBR
43a8e79e-8a1f-4255-a236-53a7c5b20d9f,HM2J2QFXQK
9e3f2b9d-b4f3-43c5-adbd-be2b58bb5025,HMQ4YZHJZS
d38ae330-0ee5-4a8e-8c8a-5a9df390bec1,HMZ4MHXSDQ
96670c13-b343-4fe1-98e7-cf297662a9b6,HMDJSB9PXE
20def986-76af-4791-8710-3d4bb60330e0,HM3DXRQ5B9
eb881f15-8513-4db7-94ae-64036e6ed48a,HMY3D2ZN4D
41bb2d97-c9e9-40e0-b160-329ddf3242a7,HM893RPAJ5
75da44d5-aa5a-472f-a83f-518a1a087021,HM8ZYM43Q5
c8f8206b-7d4d-4f2d-8892-565536b4febd,HMWN5HMAXK
ba091da6-4926-4740-bec8-084d6b6c2642,8JUVCH
3087643b-b161-444d-aa8b-6fcf11bb9502,HM2JAKM3YC
4925b746-86ed-4781-a993-2920344bb5e8,HMYFCATBNB
460ec721-52f3-4887-931c-3815b682a15e,HM2EYCMESA
d90f6aa5-8235-4acf-a717-7270cf4553b1,HMFSDKTD5P
0ba23a0e-86df-4c00-8c60-16f7d6667abb,HM5PSQ2BKJ
712cdf8e-f970-4c34-b69f-f385e0f2a0f6,HMBW9EC9Q2
964a3e56-61db-4119-bca2-9a3ef13300ec,HMPQW8XMNC
d7bfb8a5-b973-42bb-8bc4-928e5883c9be,HMAE3Z8WHS
b5972298-1ff2-4abe-949c-335f920fcae0,HM92KB3WNH
8c380039-2788-49c8-99c2-66dabee532e2,HMYZ2CWNXH
ae4b46e4-936b-4740-973d-ef59513f72d6,HMET8ZTNWX
b93ea9c2-3917-47f1-bd25-b47ffe3b70f8,HMKAB3WBYB
a7f9aff0-7609-40c3-94ae-856f596749c7,HM3N8EMNSZ
5fd6dc38-2c99-4f11-a9c6-161755ad9042,HMM4RD4TER
fc8e82b0-c59d-43ac-9f02-681b8bf14eab,HMS49289HP
e3a8e992-21ec-4b82-9ff6-46e3a9dd04a2,HMN3Q3C393
003028c0-7899-4948-a0b2-fbd955f1a60f,HMZKFF983J
ec715b2a-c368-40dd-a95b-7e8438709eb0,HMHN44K93C
e50807d6-c814-45bb-9514-7cc881a10a4a,HMKR5NEJYY
83c4c373-bf93-42c4-a185-013263990b72,HM4XHMBRCR
f9b00303-9aa6-4bf3-8117-1b28f742e980,HMCCXSQK2S
2cf002f1-d0ad-4563-abeb-a887e94cac6c,HMPTJ98DTP
a52ed972-5f80-4fdf-b633-9483a75dcca0,HMHRBF4Z55
f876f6a5-4e6e-4ca5-848b-17b46873437f,HMXEKJR2XW
42beb2d4-8631-451c-8f6d-9ca625c695e4,HMNSJFWYC9
7948c091-0cf3-457d-ab88-6194cc0bc717,HMF3Y2BMEH
bf8537d9-9911-425b-a8ec-6defc6d1684f,HM9DWY9K4N
03f18035-c297-4348-a51c-c4a0ebcab82b,HMXHW9YSXT
d3d39f33-4261-4dd4-9cc4-bb9c3ff8f3ed,HMW53FSAT5
5d2e9e53-b9d2-4223-9cd5-b748bc148554,HMHWE8JES4
8815104f-d15c-40fa-b5d4-47f1b5c48051,HMDR9MYTHW
aeafbcde-8efc-4aad-80a9-19234f3a99ca,HMNBPJR3WS
59dd87e7-e314-498e-a155-43d27ffe168b,HMQM28X82B
387531fb-0761-4f07-9899-2fd834b2078f,HMF2EC4FQ4
edf683f8-a04d-46c8-a14f-e5b663ea093f,HM8BXJNE4T
2e017375-f464-4bb8-8acb-9774c884b615,HM8WJEZEBT
b9413f61-bb61-4c64-a6fa-db64996d7fdd,HM3FTZDHH4
a9801592-da18-4cba-9825-fd16013bd888,HMF58YDYHT
9e695704-ae3d-493e-85c3-102acde3c3bd,HMRNHR3DRM
04f172e6-196c-45b4-b811-d67fc5128cba,HMZAR4343F
d39611de-b62d-4417-ba81-a1a0ab0a60e4,HMY9Y9CCH8
c725d781-afe3-4a77-8699-d6fc7646a0f5,HMWPW8HXTD
89618c3d-8e65-4d01-8d5a-45642a93695c,HMF5EZJZTX
c85e4de1-ac41-4e00-a895-ef19cb97698c,HM89RZDE8F
136104ba-91eb-4b68-8da8-979ae2dfa202,HM3RWXZFRM
983d0496-a2f1-43c8-8519-ebf16ac2d61d,HMHNQHT9PK
bc3365e0-8faf-4e92-93d0-3d297f395d06,HMRXYSEBQR
4845bc5b-8faa-4acc-9a23-acf0727b0bfe,HMQR2ZC8XH
4243ca67-0821-429b-b6af-30f1ccf60765,HM33KMEZ8D
9cfd415e-3be2-457a-b88d-78341065d315,HM35NMQTJT
5e50a9ad-883a-4588-8abd-0b29d826d2fe,HMMZQR99T9
d6f1c876-18aa-442b-82fa-3c8b95a97218,HMCYEQSSJ9
e0853720-38e1-41db-b82f-ae609b2b0d3e,HMAX33FFJS
7ae7e5e6-150c-40df-8c1c-81ac46a16dc0,HMP8SKJMTN
e6c0fb33-9f5c-44b4-8df9-de42adea135d,HMFNH3MEK8
dab5db84-ba5c-4046-863f-712a4ac759bc,HMYZTYZP9J
07647650-e0b1-4857-907a-df656dd6de9d,HM9EDRWNDX
a1cf85b8-6e1e-4ea2-8b9e-25ad65ca6ba8,HMBN4J3CNC
d1ace41e-92d9-48f3-a3b8-b73c77a0d14d,HMWJYBPJXA
5c6aa226-9fd3-4a5b-8b1f-ca3ffe1c09f3,HMAQRKXDYB
079f2926-79af-4aab-8499-869d4e5c93e9,HMZEWSSRAS
ba7358d1-d292-49a8-a8fc-17be12c07b76,HMPNFXNFCN
81cccbaa-9f4f-47bd-9d58-1ec669b675da,HM3QQTPJDF
83ec7a06-0d41-45ce-9a71-f88ecf7f4cef,HM4AD3EFDM
75bc5721-c502-411d-89e1-d188916df377,HMTJH3JP8K
eae80273-00e7-454b-b200-549b5f1f50a5,HMD2A4JSTQ
93fd877b-973c-4d8f-bac7-9aa813752e34,HMK2Y3T9BB
8d4e5564-4dd4-422c-aeaa-04f1bb0d1443,HMSJFHRQAP
db18988a-9018-4f0a-9183-b3f5bb89e8cc,HMSAMJZRNN
45c6c4de-a6f9-422a-8d6c-21d825b2b88f,HM3B3QWKCJ
daa1925a-ce0a-43a3-ab3e-47d9f07b1b68,HMR9TQ9NMK
b23381ef-6e10-4b94-bf2d-39193f3a9691,HMX8XCRTHC
c7bb24bf-4110-4231-86ed-98b11cbaae9e,HM9M5PC2NQ
04c18f20-0b3d-48ab-9620-3659ea5a4f8f,HMW8HCXFP5
3b59acb3-e9e0-401a-8d91-fec97caf153c,HM58YKJPFS
7bdffda3-1825-400b-af38-5cba713d8edb,JB7RQY
7b6b6ff1-33d0-45b6-a955-bec517b71865,HMSFKY5H85
bfd26bd2-e791-4010-8d2a-8f8a80630c27,HMCJXTXYCM
3461fa70-2b80-4c09-bf0c-edd2d072f341,HMXDJ4K4ZX
d540cd35-83fa-4eff-8a20-d54ce97c02ca,HMRMB8QCAX
73686fb6-41a9-48f4-9b88-24ebec1034a7,HMFZNMW53T
ad5bde0c-4d58-4578-a1e7-a90226368936,HMBZHYZCZE
f0d67356-fddd-411f-8e6b-d0a72c3fbc97,HMZZ38XXZK
9116db93-b227-4419-ad3f-a7b8024023b8,HMPXFYKAEJ
664fd8c2-5d2d-4a13-8a48-2a69863c7ded,HMP8SKC2EE
aa2cb07c-4f25-4994-bbad-d59a40719b4a,HMKDYAQB4N
5b9c5c59-602c-4e35-bd52-5565e477433b,HM89R29ZDN
ddb7a63b-271f-4be7-9c2a-a84b0f036d73,HM2D8TJM88
8ecb413e-7b0e-488a-bd8f-cd978d224f17,HMF4ZJTQC8
28946c4b-44fa-446e-97bf-bb1472f9a05e,HMXZ5DP4E9
1b28138b-43a3-4992-a734-7736a5123c61,HMCNHBBT9D
609d2d56-222b-44e9-aafc-66170967a341,HMBH9BK5JX
696f0d53-ce61-4845-8e6c-937d0e09aee6,HMXJ48EHMW
731ffd65-c1f8-436f-9f9f-9bc84fa1da83,HMCTCMH25Z
1908021f-7c48-451d-a02e-7d3160add0e6,HMSMSP3E2H
7c35f2eb-adb5-4e3c-9557-8f651a3a4de0,HMCFC3CMXP
a47f77f1-61b6-4d37-93ab-49351addbe37,HMETNCC4PN
2f966886-40c1-48d0-bd24-5ff4ecceaeef,HMZKZ4KZBY
9bf85215-92b9-4bfd-b431-728cba86d1bb,HMB9XD5YCP
b17c0bee-f4ad-4fc4-9a20-b412e9c90e88,HM2J8WMMM4
f88b53fc-893c-478b-87f5-cf31e2d12cc5,HMFQ43B3ES
1c8236ef-b5ce-467c-ad1d-11863ae15b1c,HMRM9Y5FTF
5a9ef6e4-4275-43e5-81a9-4ae8bdfb605f,HMJQP4ZF4A
9b909622-6e00-4c68-a4f5-c10adf06ac9d,HM8ASZART3
a794219b-017a-420c-8284-52aee86d824e,HM2SKPRCJ9
e80f6bd3-b8e7-42a9-aeeb-e9ef651cf165,HMP4M3HB23
9db4b7de-d6e8-422a-ab3f-bcd26afddc61,HM5MH5AKBT
8c2fa534-de0e-40f2-bbdf-12328be958e3,HMQ5WZWCTA
c9e63b47-6d4b-4ff1-ba05-86ea253c104f,HMKBHMERNW
3c47b280-dd4c-4b6d-a357-39f91676f689,HM2Z42T2YD
9241bd29-3d19-4a8c-b0f4-35ea9efab91e,HMQCSAYSFK
346c1548-90c6-4664-90f7-099e934099a9,HMJ8NQPSRZ
4031cecd-dfcc-4cd4-99df-1385158c8dc1,HMK2RQHYBB
e4b573c2-32f4-4aa3-bbaf-c4c08ce2b1cb,HMBQMW3WA5
08eecd5d-1e0a-412e-b4a1-6a9d36782f48,HMWYJYD23W
ed650c6d-f33c-4bfb-b0be-88cae84c7905,HM5TWACBCA
19e787cd-787e-40ec-9a32-2a463b7db120,HMNBE8F395
fd50df3b-a9c1-49ca-b23c-3f0f503266bf,HMKXP4A4C4
25b3387e-0c37-4dca-91d3-2c61ee03a459,HMBZSTM98C
34d1fecf-21ba-4181-aec1-de6955728eab,HMCXPAMJ45
a2bde6f5-cca9-424b-bf71-cfada4915644,HM9NNR93X5
2752a537-9ffd-48fd-a0d8-60eba5d9bef3,HM3XQASKXK
7d3c260d-091e-44f2-af43-00654085fb54,HMNK2SRSHS
5f610a7a-a449-4457-a5f8-d90811b65423,HM49PBXZT2
40f185d2-9f5e-4180-a8f2-9af53ccd4516,HMPZARHQXB
2f22b09c-5f93-41a6-bada-bd8ad8c48f69,HMWPCN2RF3
2a82d306-97ff-4d05-9eda-b4b1d32f06fd,HMDRMMJCMH
01176396-0496-4abb-95cb-4d30ff9408a3,HMBWZ3QZYD
b6278bb9-9db3-4357-98d0-1b7a42076394,HMWAKFMZB2
7e59bea5-d0a2-4aaa-90ff-f805166dd8fc,HMZKWBHCM4
c90dca6a-d963-433e-8e16-57ffd2264c8c,HMDY8RZH8K
667a8b04-aa0a-4a11-9fae-b184ca40cf9b,HMFSEWHZNQ
01e482e5-3c3b-4280-9003-0f9c433d2ead,HMP4HJSFF8
1d85c614-539d-4a01-ba4f-ac62d5296423,HMWXRRZ5XD
f115243c-3a2e-4cba-8691-2e69f0dab3e0,HMWDNXDYNA
0abac16c-0c4a-47f9-985b-74ebef417ce9,HM25W2WTFC
7c01a691-6b26-42aa-b016-4a5f7cb574f5,HMKXD3YSYB
222556ad-27cd-4afa-abc0-8c06cfc427fb,HMBZM4H5BW
2924ba6f-ae65-4795-8ac5-e0a978891322,HMMKWNA8WH
e42e1799-298a-4982-80d7-28da8b9c68ae,HMSB4SKRYC
2a40ef2c-30ad-4318-bd20-534eddb8031c,HMTW8PPC8Y
82aa5c1f-cac4-4937-9fa9-b9f068a4e07d,HMAZJRYMP5
e98bec0b-09f9-449b-ae21-5633e0c34f08,HM8Q2RAE8F
bd8c9b16-2e65-4e32-b245-9a21ae9e1a49,HM2QEXCZ2Y
0ba50099-4951-4c11-938b-13bc599f8cbc,HMDPYMZAPA
10b24e28-dff9-4b9c-86f6-4dee66283393,HM98NHR8ET
f963934b-3112-4de6-bc34-538a4622a60f,HM2ZT8CC8M
6cadb237-e96b-4b1e-acf9-0772fef2bcf7,HMJRBRE8EP
a2d3f74f-4800-40c1-8c7d-61764ed9416d,HM48FPP3CC
76d7b613-1dda-418c-97ca-065b0f361374,HMEJ539QRF
d77e1fae-1779-4038-8af6-a3f1e1772c44,CHNYUT
d9833f69-730a-4d49-9d95-95f5ae1f3296,HMNZB5HTW9
b2c8dd86-bd7f-49d3-b3ce-3fc2afa3a22a,HMPJ3J4M4R
b730d04b-ad0f-4626-bef4-adc2e301c47b,HMF3NJQEEA
43f39394-ad41-44f3-bce4-be47ef7f634f,HMXERC5KZ8
73a74986-5278-4071-bf19-ac5791a33187,HMZ3SFJ9D2
e100efe6-edcb-4372-97bf-5860ae4b1c65,HMHZ4MCJP9
c12fd03c-5196-4fe2-8bdb-e948bc3a17a7,HMSJ84W5JY
188c5e83-4216-49ff-826d-f5e459de8820,HM5D22HWSQ
fc092034-5864-435d-b1a0-6e6cd0cbf6f9,HMSX5QB2R5
5c095beb-64b0-420a-939e-c1ac12adcbc0,HMSBHND3RQ
c8c912a6-30e6-4e0c-8b6e-f14898442aaf,HMBX535MZW
1d8ab09d-356b-45d5-910e-90d230dbe590,HME4ZKPHKE
f06334e9-7f9b-471a-b249-db418198d38e,HMQWN3DEAA
560eab73-d3b9-4e4b-b7ae-90bc2bbabc14,HM9QZ9W8AS
b6c7bd52-069f-44d4-ac6a-aa9df347a518,HMR5FME25W
f96949a5-104c-45b5-ab2b-95973c303a5b,HMY5MPP49E
fc7c52e0-d5f7-476d-bb88-f45d15954f4c,HM5BZXAP9Z
daa14e9e-1e3d-4020-91a7-f5b2bd948ae9,HM33AX9SSJ
6086711d-b4c1-47d2-84c9-7c0b9bc61a9a,HM92X9PP2P
b7f4af56-4c73-4dbd-8e57-9cbacc7eb46f,HMJSRJN5RR
2d1a9964-faf6-4f42-b5d9-49ed993ad37f,HMTTFECRYZ
b9358706-fa62-40d8-b61d-8636a7bb1718,HMWCFYKAJF
8160fd88-1055-4449-8d6d-6c1d2625ead4,HMMT2EDNEM
2b79a2c8-52db-4f5c-949a-9745720484c4,HM3ABWWR4X
3612fea6-e053-40a4-ab51-acaf1bf3f2d7,HMCJC2CFPY
27e45cb7-4424-4207-97e6-05f191c1e44c,HMNT8QDRX8
206d9c35-bb29-4a55-a7ce-6a36603d0099,HMD2J5A4RE
08ee3ca8-35d1-4f3a-8436-58eba6910a9b,HMFKFCA8ZY
2a119a5a-4ddc-4780-bf74-ff43d4bbfd3e,HMFXFRFJD2
67548d4d-2030-4d56-b06c-262fc657c172,HMPBRED4ZT
761f4e22-ef45-43df-87e8-756d3b0f7f5d,HMJZY8ACNQ
2537388b-4071-405c-b92e-9255bf90a6de,HMBHYYF8FC
5e128e08-8ba1-4b37-b8e3-7e6007acae5f,HMPFWBD4MP
8af53b7c-833a-4bdc-af6d-2191298ca346,HMTQN2DHKR
9e77844f-da03-42fe-a99a-4f44256a9e31,HMKAPJ4NH3
56a4cbdc-654f-47ca-a9cf-b0e8d3a9897e,HMTSYASNR3
981d2c5f-67f6-4519-a671-a649a445012a,HMKZTX5ZZS
6872df2f-8c15-4248-a176-1db39b9ed590,HM5ABT8H2J
051f578b-a64d-422e-b681-993e4d22c23a,HMW9T3J34T
7c7623c2-ccad-4fa8-977d-ff82c5aa5c85,HMC2W8BMAH
0a5a1e38-a6a6-42be-ac19-a1975ec5a536,HMDJM45MM5
223f9ad5-097c-42a1-851e-ab7625452107,HMCQFB9W3B
f7adea34-6402-404e-9f08-7645de74d919,HMYZCDPKA2
e4de4299-ba8e-4219-823c-12d357e6017e,HMD9BSPPJJ
e2ff6c4c-1793-4e1e-b1e5-1fe3940d8c3f,HMZ9JMZXJD
bc83f368-d752-4e6a-8838-3dd7b9fb310d,HMSJQRT8BB
178dcc48-36fb-4a08-8418-389ff2ee1089,HM4WAPZSCB
85eb9b7f-689c-4063-8458-afb227f283f0,HMAHDWJERS
251fc92f-f867-4ef8-ae68-e5711b83c691,HMTMEJ8ZE9
982fe032-9b2b-4009-b32e-d4103d251028,HMF923QEST
32bdf9d5-a0e1-409e-ae9c-9214e507d4f0,HMTFF9B4DC
5ce44214-9f74-419f-be15-eabe3e5fb057,HMWCH3MWWE
a566060c-86ea-4a64-bf97-f7c8101641f7,HM8BRYKZJB
d9995466-b97e-4de2-896c-826e936c1982,HMWH2EPSAE
4439001f-10de-4fe2-948f-cd4ac726f35f,HMQYYWM8DY
234b646f-df1b-4b56-8a3a-e1d1277d5938,HMTMFHJEYH
f35b31b4-1aca-4f8d-872f-f13ed8dacbb3,HMFSA89NMW
81ff4304-4984-422c-a3b7-d2d67f132f15,HMEK8HCJPN
8d06af76-a51d-4375-b259-8aac49ad0906,HM35ABZ3JT
077288e4-3921-4400-b65b-f0ad6f77dfbc,HMMHAACYS4
48470637-4d6e-4d7e-84b6-4cf2e15d5cdc,HMD2T8AZPF
febde919-582e-4c51-a356-803527f7fe31,YA17XS
bc47f4c6-451d-4165-b043-2fa0bfce3ecb,HM8EJRW2XE
340fb827-6b68-4727-b4cc-0e1cf169581d,HMT4X5SEDN
13bf503b-0f28-457a-896c-c6a1386ac2c4,HMCWNNQXQN
b87ca433-4786-4cca-a36c-75a68e3c1a8c,HMMMQPAYEF
c506bef8-b493-4199-947f-038e85f8a77d,HMMXFPT33T
1385f26f-8caf-4df3-826c-83f5be2dedf5,HM2JBW84KP
b713c2bd-6724-4a63-9767-f3954d6a3dcf,HM2CXCDFC8
62267e67-99f7-4767-a238-71a006a27598,HMFZB5Z3NY
195ae79e-59a4-46f6-ba95-2ecd5153f212,HM22CDTQTS
51ed26e1-ab19-4480-a7d1-a64a29dbfdb6,HMNXRHNJPT
eed74760-da73-4b64-8bcc-fca589156008,HM34HXFFEE
21294bf4-fa40-4b1a-ab4f-a7da525367e9,HMQAQZK5F8
0946568a-64ae-4bb6-a764-5497537eb803,HM22JFSHHH
10814b90-1d72-427c-a9eb-adcffb72732d,HMH52J4PNZ
669b4e21-7d7a-4939-826e-d3386093855f,HM8W5B8DT2
ef225b8d-8e3f-4daf-b682-da54d733f174,HMNNARJ2CK
a9fe0416-7cd7-4846-addb-29723e00cc31,HMBSR3Z8QE
654122b5-186e-4d1f-9cf4-89b897921356,HMNXXHMAZQ
9475b375-c1f1-45ae-87ee-599348801b12,HMTTSPK5T8
e3228947-0a60-481f-98b6-68e243af22e8,HMC3BKXMTF
a1d488aa-2956-4b8e-b1f2-3253f2104bc6,HMSST9NZKQ
03c910d4-49f8-49e6-8008-c48608c07372,HMQE9QPK4B
e741d87a-5941-45b9-9d95-adf79fa447d9,HMHQZDK4NQ
3b28caa5-6f9d-4fb1-835b-2f57ddbbd9bc,HM324H9T45
7982f692-ed14-4a98-8d10-dbebc8c98e98,HMEJT5PWPX
56450739-5105-44cc-b1c8-bae79f25c5be,HMPDANE9CD
d68d5533-837b-4ef7-8cd9-e4a55840dbf9,HMQPDXJ2XX
b18d95e2-24a3-43e4-a24e-8b59ff656b06,HMW83PDX3R
47feeb74-9e11-4980-a5b6-1bb56b11d993,HMPCPZTSRF
d5e8053d-9738-4fd1-936b-a3b62af6b8f6,HMJXTRWSCM
0fa8a76f-d85c-487c-8d03-df3754636013,HMQ3BXJM9T
0bf86246-6e00-460f-9059-74d53338abe9,HMNWST98CW
7b7fb176-bf01-4872-ae2f-6a073b999f94,HMNXXEF2TW
7cc09a4d-5f21-46e4-9f29-d9603fa8acb6,HMXWX4YXB2
6d3a6538-8938-4c8f-bc63-e6be8a8d93ee,HMJPB5FAKJ
3da9fcab-e6f1-4422-9b5c-6c47e175cb1c,HMQE24YTXW
029c6809-35bf-4263-b7f3-041376a027fc,HM8YKBNW49
79f309d9-f7e4-4f32-8b3b-d960f4a12743,HM4WKADRET
a012f848-5646-41b3-b23e-d605bba077c3,HMXS3MXBX3
c987dc7b-7e53-4d41-8418-2007fb779a47,HM3BK29B4T
d81619a4-be42-48f4-95a1-89ae06c0055c,HM3DFQ44Y2
2605e83b-0167-4ded-a171-b0b401678112,HM3WN3YJEP
aecd096e-da9a-4ccc-b582-11c5b2e99ae1,HMDPEJQZ8Q
84655b88-bd28-444d-895c-b1da1aeaa628,KVZIQZ
b6455687-8ff1-4646-a2d2-64d93e1766ef,HMQXBKMSQA
111b9282-813b-43b7-96ba-ddad3f955d71,HMAKPYEBMT
6b217365-6bec-4ef5-b10b-2af8869678e9,HM2NTTYWYZ
01ef6b7c-10db-4b87-8ab4-d78d8fa7096e,HMK8YX888M
f1775412-3e6f-4b72-b6d9-9bf5f08ad9a6,HMWZFZ8CZ8
e9e0af20-c95f-437f-8ba3-29b4af4b4ff1,HMKZX8NAXR
deec11b2-473c-4033-9195-399ad7f5d8f1,HMTHA4CW3Y
609af942-1afb-4f88-a742-b7e82fbd4917,HMA5BHPNWJ
609c5d03-f645-4d8e-82d3-b26149720d6d,HMBYRC8W48
0979b648-3b97-4cbe-ad15-7b0ca465c32b,HMNAHNSB95
fadf0136-8cc1-4a7e-983d-cfe31cc0b427,HMNM3ZB5B2
56ac8f3d-f2bb-469c-a48d-04a86137131b,HMJSDSA4Z4
09f90b84-c314-4d2a-97b4-7d32948aed31,HM4BJCTB3T
70fbabb6-e287-427d-9920-47014e0c1a24,HMFW8BDME4
e77b54f1-2060-48d1-8f6a-580083783ca0,HMYNQ4RDM5
657575e6-6255-4026-9149-03480266f7eb,FKQ3TW
4127d997-2099-4c95-b97b-fe84263542a9,HMZBR25TN4
74fda190-77c9-4e2b-8652-b67981a74f4d,VMFICE
3c0f23cc-6f88-4cdf-a98c-a4f2e51d39d3,ZXSFQR
3693854a-299a-409f-b151-07d7e814d275,HMZPW3NJSF
0ebddb01-060b-4690-b09c-da1e15c13513,HM8PYQKYHM
8ea65ba8-2d85-4ce7-8eea-f42ce26c4da7,HMFE2AMZ3F
e4afd76e-ab2d-4eae-a1aa-5d9e3f566564,HM8R9T9T2H
e18db3ad-3cd0-43f9-a02d-dd6308cd6f4e,HMS3JZJWYM
2498f4a5-96fe-470d-bb20-429e6eb083b9,T70DDP
56c00203-2670-4666-addf-783eeb09a83a,HMKCYCZFMA
6b27fb7f-714d-4cae-831a-64b8dab55754,HM4ZZEHKXD
8b2f3325-923e-4e90-ad39-5b0d5d789427,HM9EPY532J
d3ff3b5f-ed59-41e6-9071-b4a944af6769,HMNA5A9B8E
f9e1744b-3268-4d26-8609-544699b17178,HM9XF3P3ZK
b3ff585a-31ba-4f35-89e8-90194b6204e1,HM9BHNPH8Z
7b2bde38-9b81-442a-aee4-f303b62b4991,HMSDS8ZWWH
222e3633-fa89-4c7a-b71a-ce7fad7e14fb,HMWB3H4MM8
5169f072-2d84-4d96-a1a3-a1903570ddb1,HMEK4WCMZY
bb62619f-396a-4bab-b61a-5b8e759db846,HM22N5FK93
e5dd2c45-f917-4ac9-b640-6be56d0d9da9,HMJT4DDYPW
ccba46bb-66f7-4a9b-b50b-d02b4e44e9f6,HMHPXTPARA
810bbc50-3241-41a2-8ec2-6d0d66246411,HMJSFQMEWD
6c7b1f71-07de-494d-85ef-b6b5a7222893,HMY5QR5QEW
c9f82ccf-3cfe-4e95-881f-e5a713cc568b,HMYP48QAQE
21fd9f15-24c3-48d8-a2ee-87d3a82519f3,HMFK9BYHMB
a71b8221-811f-4e74-8fbb-07b2722209fc,HMSWAFXB5H
33fb89c9-0d43-4f6d-a5c4-27b4d658fd91,HMDNNSDM55
f8caf7e7-b387-4b00-ba73-e3c953bcd7c6,HMJSTMW9EJ
81725d9e-46b7-4789-8b30-882e78c260af,HMDSERCKZN
21219523-4f53-48db-91f2-fd68eed5a1a6,HMZNR2KMSN
a4c7c4ad-dce3-4f17-b22f-b5a0f63857f8,HM5MHWSWAH
74c7f6f4-27dc-4ada-adf7-784e870e5775,HMBY4JNBHT
138c9089-b556-4b1b-a222-09bf190eda91,HMFDFXHSSW
7275eee4-5a26-4862-8084-a365834e15f3,HMJ5QEFR8W
9058a92e-7907-4c77-9e3b-7a39da639c79,HM849TT392
faae032d-d8e2-404b-8db2-0c9b13b050fd,HMWAPQH8PF
7682cd80-f173-463a-8d32-3671f3e71339,HMZYRZKA9F
1ed6f3f3-2615-45ec-b880-c06f03f21bc7,HMZXXQ5ZXJ
331f4951-243a-4612-a510-6adbd1a2b189,HMZ8CBNKN2
f766ef99-5fcc-44ce-97e0-214942298fea,HM8ZJQYNXH
6240d7b3-da09-4656-a2a2-050e770fe214,HMFWHMPYY9
3553955f-1335-44d7-8e41-17e1e8a856f9,HM2NTPJKEH
0d1a5cbd-342e-4ed3-84ac-70e6bb5c3844,HMFJKJY49A
895115bf-5815-46c3-8fe0-45a796bb67c6,HMF9WYC9PK
29cd6772-daa8-46f8-829f-d963f0b0f98d,HMYCTFTTP4
378b597d-d82d-4b3c-8a40-b9763df38a38,HMBRAYQKBF
145711c1-9fab-47ec-a294-e4ed75229d32,HM4TT3REJY
d999abde-6667-428b-b770-3ec908feba4e,HMHBJSSZ3D
d98f15ca-eb58-4355-8cbe-f70272825e20,HMH5TMMB5B
a555e1fe-aeaf-4087-80a3-216a063f5b58,HM34HMHDDK
09c1c9c5-da00-4ee7-9bbb-a1ce6b520f3b,HMXXQZ2E2C
bbfe04f1-9f27-480f-8a9a-4db3b7040f71,HMN3XNAME4
aa0323b9-74f1-4f38-9bcb-6cd2bdd01289,HM548SFA8E
c25256cb-bd06-4089-b103-19f8f4507bab,HMXXXC9STZ
0d96de73-5c6a-4bb6-8435-69e4a3b50a33,HMQ3ES9H33
642fbd30-6117-4f41-928c-6a8ea0606554,HMQ85BSQCW
27fb303c-67de-43b6-bba5-7284f5378654,HMAWAMF93N
4966b820-c950-4e12-9ebd-05cdeadfe895,HMWWZZT8D2
d508db8f-81e3-437b-a894-2214cb4b60f3,HMXYHJ9YER
ab3cfd24-4472-49f3-8cb1-c113c798c35d,HM5AJHN3AE
0c65ac8f-a966-41f6-a382-e8a3360b8b6b,HMAJS2YXH4
7504b9b3-b5d6-47bd-8643-8d5b6de602bd,HMK292J8YN
05cf462f-4ac2-475c-ae80-2c5ad46420d2,HMQNPWBPF5
7cceabaf-d982-40d4-ab29-a7f9e6012e04,HMRZPEMJNP
492865af-2e1d-43b2-a4dd-ba577a0ed70e,HMZN3N4PKC
22cea9a6-fb86-4641-ba7b-8ea0987cddeb,HMQBE2QJ5P
7673fce7-8afa-4603-b7a4-9bd2f6719be8,HM5RXXFQA2
734048ec-4d5e-4581-94d3-711f1ec66e95,HMQQST5Q99
81fd0262-e590-4249-b298-0b9601bca3f5,HM9AYTKQRS
c7f825e7-7076-46e2-87bf-97e8a45f7893,HM2EWKEXZS
afa44f2b-c9e6-4214-9247-454173f80fc6,HMM2WBC2KA
dfac98dd-c4f9-4b97-ad05-a42523cd68f4,HM52K9ABE8
7fae9bde-566d-491a-86b4-8c4c4f2c0231,HM3BX5949J
0eb6f97d-a820-455f-a86f-83d5bf0145d7,HM82ETBYEJ
74f3ade9-312e-47ae-aeeb-e5b4279722a4,HMP5BJA429
ec51b97c-90e4-4c39-80c7-2a02d92b9c1a,HMFEMHEYNA
3955784f-c2d1-468a-9b48-531c095f42cb,HMEHXSYC5D
d7b44d88-0bc5-4899-8f62-6db6cd33bcbe,HMJ88JW4YY
dff9930e-11f4-4be7-acd9-a15e0ef93333,HMMN9QQKPJ
bde070ef-4ce0-4122-9464-f23f344b0064,HMP94ADHAE
a1c37af1-6c71-4c7e-95f0-1c1b4d6004c9,HMFT8SC59H
1c70e9b8-f70d-46bb-9c16-8c35b444771f,HMEBSEZ5EH
798fb32f-df6e-4cf9-bfa6-37e0dbfb57e4,HMXFPNQ985
c9628976-ff1d-4966-a9e2-36b42f15d2ef,HMC254X8RJ
af0e7856-4ccb-4966-8b0f-4db25a78940d,HMWNBM3HDZ
33ee43c3-62cc-4adc-810a-5df9c526ece7,HMQEBBSWT9
264ea1c0-d9cd-4164-8465-475c17509c95,HMWHZ5WT8K
75129819-5680-438b-9c7a-08c3b8722de9,HMFK4T3CS3
9f2fb8db-f4f7-42ef-98c1-4793cda43a04,HM9PYZ5W39
1e277eff-2410-4735-80d3-af529f814ce3,HM2XW4A9J9
de7ad747-576c-45c3-abdf-e4c79dba929c,HM9NTAKNCE
244e9f35-a126-45a0-94ef-631bf1cfe1c5,HM3JQ9CQ5D
593bccaa-1435-4845-9d92-095fab33f935,HMTSXSKBTD
621588b6-ead8-4a2b-8e0b-28cf15f74f2b,HMN2T8BKWF
9edc4276-10cf-43a7-9c04-4a6c068705fc,HMXBC3JBDJ
1b22bfa1-f508-4751-b66e-f22d09a02228,HMPJJP2FAP
d4acdf07-93c3-491f-b8d2-de420e635dfb,HMTT9TRFPD
54b4ae66-3b92-4dae-aa59-15da0bac0465,HMB8Q5AKEE
6e1f6a3d-27d9-49e5-973e-4930427c493b,HMFN2E4YAS
d99729a0-6a02-437f-b14a-8790a9e2925a,HM4DAZZYA5
79344053-1e54-44f3-83e1-cc3ad90689af,HMY2KCBND3
a53159dd-3320-4f52-bd58-741da5a7a198,HMRSXKDZM2
97994166-8014-4dd1-b95f-4aad495e5f22,HMFKYQAW9C
8d5c6042-60e4-41a3-8c3e-195090934722,HMHEYJHY2R
dea6fd31-9f85-4e29-9647-8a99c29951c6,HM3ARRC3ZT
ee30f42e-70f5-4c23-b87c-201bdb7ccf67,HMCCB24ZB8
eb081b27-d340-4676-be54-dca1e2b7a478,HMCWYH4XRT
11967e71-e1c9-417f-b540-c5cf0bebe763,HMFQSESJ3C
dec93607-891b-4c4d-b1c5-f6e9f6ffc843,HMZYSRH34X
d702e731-f074-4a2b-a77d-9f227905762f,HMK5Y8BSX3
bbb27ebb-b917-44a5-98c5-283b7b0d963e,HMDJ3P4FKP
dd26ffdd-163f-42bf-aac6-b621c1a92f04,HME3H28YCX
da55de96-1932-4fe8-b708-572714380a3d,HMYW2959FK
bc7e7be4-b649-481b-bf32-25455d4de89f,HMZR9MQ9YK
720dbe96-c728-401b-a058-69bc0fb143a5,HMXECMEQY9
56c8eaf8-a717-4f1a-a45f-6f53591d6638,HMQDFZS5Q9
97b68e17-1494-44a5-a31d-bdea820c1bf0,HMMB25JKSC
d35d4548-81b9-42f2-8d44-f9a74875dec1,HMFRBQ9JDM
fd664121-a3b8-4068-91fb-038ecc10193c,HMP4AAHMX4
95b60778-4b0f-4daf-bbe3-febd9f0f51b5,HMC52Q2T9S
f1d651d6-49ff-4311-8f66-ce492fd98235,HMBTCCMDET
2e160665-8d83-440a-ae94-3433175ab6a2,HMMNTPMPFA
4c81f3ad-723f-4ac2-8928-822dbde8567b,HMNWCY4Q3J
ac512265-eaa3-4b42-99c6-73495170f051,HM9N5PS4AT
6ada8557-5ca8-4837-92e3-7ada70f1c875,HM4A3DMMSC
12088bc8-d5ad-4012-8ff4-5b2b3b4f1472,HMF2W8SPB9
c6219f67-5206-4b06-9966-1a21fe4b2953,HMRHPYKA9Z
86cdf9d1-baa8-411c-ade1-795a08e02fef,HM2BCFR4DJ
e3ae69f3-3480-471a-a542-e09f5a8ce8f7,HMDJ5K5TDB
67f4784b-e2f4-4de5-8078-ed934471665f,HMXRPM2MJY
e0d92897-65bf-4f4f-96d2-86d0d759386e,HMR48WWDXY
403c515e-967b-4bfd-8649-c9f8979acdf7,HMB5XH3XCA
3dfcc8eb-9db9-4429-8145-bd9b92c59072,HM9QNY8KN5
4bb8f297-09f9-4162-884d-505f7407f77b,HM2YKABTDA
70ede886-8188-4236-883e-b71233f46f7d,HMZ2EFMFDR
a3862bfe-7ee0-41a0-b302-89a7511a4ae9,HMWWHEMJEZ
9aa36e25-7573-43e3-9d86-76cf93b1e9d6,HM5Q22KD9F
cb2b8a8f-2cfb-4e5b-8c30-0bbbd9ae7a96,HMJ5W42TJR
205e2e31-3f1e-4eab-a236-dba9177204e0,HMSY5RFZB3
ec23286d-faf4-4cb4-a9bf-9a233c5018e5,HM35ZFPTNJ
907bc086-b1ff-4fcc-a321-68caa6592fb7,HM9HXJY2RH
83443753-bf03-4eda-963f-c30f83f17180,HM95H5RTRN
ecabb23f-cb12-4a9c-bc63-f8875dcd5f30,HMFR94ZDQF
4056ab93-e210-40db-b409-9a7bfa7d0172,YIY0FA
ee9f9e26-a4c9-4011-90ec-ed63e8e1511e,HMH5PAZYZ5
e12cf3e8-743c-4bb3-b8e0-23eb67bd71de,HMTNKDEZMW
45df2335-b7ef-4c58-808b-04ccaca965a7,HM8KB4K5TH
b2f08843-f71c-4a09-91c1-6268c7a4ecd6,HM3FRYXF9K
47859167-744b-4d0e-a287-71a8a68391d1,HM3Z3EPCC2
f1f0958c-88fe-4b59-96fc-49abf5c4c46d,HM3DZQEZK5
5ef4c68a-8df1-43eb-bb6b-8135c542645f,HM9K5X43MH
d50ef5a1-f9d7-41c9-8b67-2b4c3d6211b5,HM9RYSK48R
bf0781b1-1444-4cc1-82ff-ffb937a20d78,HMWTZJ39YX
a1530f32-0627-4f76-b5a7-fbdb3af2d5df,HMPXNQTR3S
25711cd8-d80e-4f69-91ff-fc0c6e084de6,HMMTYJYEKW
570f200b-f06c-4a0c-b448-5bd6f2761f30,HM2CQDW2Z5
768e4b0e-a631-4a8b-af20-9843f35277cb,HMQHDKYJ95
c452e387-0e2e-4f64-84d2-13a1000f2570,HMQJWRYT83
b68d88da-66c7-436e-bb15-0b048ad8dbdd,HMA45JCNN4
b9df9f52-e100-4867-a40f-b6ae7f595afc,HMFDWZZ92F
d21faf4b-1f8d-44d5-b785-9d86cbc11ad8,HM8RNX2K9D
29ba5a98-9eb3-424f-a7a0-a96f366d4fee,HMTY2YCRMB
2355ee3b-3eab-4044-bed6-d10fd4ba7cb5,HMR3E45QA3
9cf9ccad-8cfd-4814-abc4-0b689fc66c92,HMJMXRRXZX
c00c283d-1bed-4368-a90e-8512ba413c3f,HMCRT58RD5
2db91646-6e9e-41fe-bfde-f69c1e56ed46,HMYPRETCCT
10cb15c2-a982-4666-a51e-f54fca32fce1,HMT99SHRCQ
c07be8eb-e0c2-4706-9347-468512bfdf07,HM89XFKJYF
1f41c81e-3d67-481d-b60e-b93c8d8bf241,HMDHP35AW4
63835d59-a1f5-4c48-88e1-9b3dd2133c72,HMTMRDBDCR
dbaa9a65-1e5a-462a-8be1-8a8bc656f72d,HMD2XT5YTK
c2eeb37a-ecba-4f89-83a8-bea0361f4929,HMXAZBNW9A
631747d5-c5b0-4733-a7cc-4a8e549f1860,HM3W5D8T9A
a45e0805-bc4f-4360-bdaa-3d3d422426b2,HM32M4EJBP
6043a5a1-5d48-4343-b6d7-12e8fd0f892f,HM4D52JEMZ
3bbc9e8d-861d-47d7-ac27-2c97520566bf,HM4JCMMJME
7ff07ea2-14d1-46c5-84a5-42c742c424b9,HMTXKKHXKY
2fe57858-309c-45c6-b9c6-ca441e3b46de,HM82QJQ9F3
c1a8a6fc-beeb-419c-b992-c5acdd231a75,HMTNJBR5PX
8b8abd2a-0212-4619-9234-01ff04965c4a,HMYEJHEN5F
0745a4a6-b53b-480b-a04f-068e914f86cf,HME5JFW48F
4c57106c-b689-4a29-90f9-ff335460ea89,HMXFDBQXDC
8a5b3cf6-d54c-4f74-9fe9-3c6222de6ba9,HMWRSDW28C
9e871c74-f1fa-4e74-8623-dcb073ddec45,HMZW9ZWNBH
2748e485-6766-45be-a164-bbf8b352753d,HMA2XCWZFF
c103e218-f6b2-4883-a062-80247ca52b72,HM3JKAKZFN
38d2a769-abfe-441f-ae3d-51a544ec6d88,HMYK3ZJM5B
98c76429-6aaa-4f4d-95bc-51544edf3cf1,HMJR4KZRTR
68b4625f-8a89-4868-b3c9-a8fa270293f7,HMMMNT3Y2D
821cdddf-4a41-46fb-9f84-b1f1e6f7eaee,HMFHTEKHFM
936a7d9f-d886-4048-80f8-2e3de1793a50,HMD8M9B8WT
7754be27-573c-4fc8-a6c4-7af68dbf8fc3,HM8S4PPNXX
baff5b71-a524-4c35-885f-9c491b55c4f3,HM5RXZCFEY
09350d96-01b8-430e-a5fe-bb956c1ada90,HM4SQYJ3W2
09dd4b36-9fc7-44f0-9ac8-f73ddaeea857,HMKJW8KQKR
ad90a5da-077c-42f5-987e-ce97b3d1396c,HM32DRM5BQ
4f060059-6f6b-4d9b-a2c1-3ed528d637a0,HMTYAA25FJ
ae3549ad-3a5e-490b-ad28-38ff73ef609d,HM5HB54ES2
cb376798-a673-4338-9c66-aca3c2891d69,HM958NY2SM
0f6cbf9d-63a4-4cff-8518-9016eb579c40,HM94RRBTDT
6c40c6c8-e6d7-4f45-b2a0-cb5d00006413,HMK3BHZBMT
954d5f6b-478a-4aa1-b245-487afbdb2016,HMH8Z3ZKNJ
bdb3eaad-47fc-4d91-9b5f-62118ad66c85,HMS8THMRZ2
3f1726c3-c3c8-44cf-8b98-4e0f38b2220f,HMJZWJKZ8T
9e139c68-d083-451a-898f-1c8a497d4537,HMSQ4MWTK9
445c7a44-e1f8-4b90-a1ec-bfdd24e8b65d,HMFEHEPQKA
56869ac0-aecd-41f0-ba6c-447a22521485,HMFMF4MYHY
8766bcbc-3afe-4cb4-928a-1e41ece8d20d,HMP98AYSWM
bb73c092-e527-41ee-8deb-00e5d91f28c8,HMBTPQ5ESF
b3fbeda3-add2-4589-9f92-39392c2088f6,HM3YF93H5T
8aebc6fc-8bb4-44b1-99d6-f19a78e1e2a5,HMWZ3MZFHS
615e7540-e6ad-40fa-bf21-2004ae84e30b,HMCRRMPST5
f4adc771-f20c-419c-a6a5-112aca5327e3,HMB4P33FY3
9c2547b7-0212-4623-a318-d6dc00cd7ff3,HMRAWKBZZD
9cbe489a-ba3c-47e2-a9c0-aeac0f48dcd4,HMCD8KKAZ2
78104413-68ff-4fed-adbf-352bf3dfb6cf,HMHXP44RRX
32d521d2-b90c-4ec4-b16b-8518029793d1,HM9HQKCQMA
ece83877-c1e0-4c1e-940f-417f0100c4c4,HM3KEE8NY4
f8f29449-d684-483c-86ae-df4e7607867b,HM5RK5WBQ2
c68b3a97-2e1b-4e3a-9fa5-74a0b7cad303,HMR2SJQ3FF
5c7d059c-bfe9-4e26-8b18-535a0793fd5e,HMDMKRBWXZ
0506b580-0471-4bc2-8a2b-b012c161a1fe,HMP2MF5KB4
244062db-70ae-4486-bd3f-60e97968dcf1,HMBTXAHJR8
96dafb06-6db4-487c-a1bd-0ae81180f1e9,HM3ADE4WNS
9ca637e7-10ab-4c83-82b2-63dc556f7b74,HM545X5KYD
9157278d-8e0c-4c3d-bdfe-f944a91832e9,HMFJRBK82S
2799e1cf-d012-42d2-bca9-807ce7b230e1,HMN5F5AMFR
d01ff188-9a44-4a13-af58-ceb7116dc999,HMHKZDNWAH
6edcb35b-3bf4-4197-a2b5-211b533d47ff,HMBPCJX33T
b384c52c-e9bf-45c0-9ed2-e7d9654f8a04,HM3W9H59PT
6e24296e-fee4-471e-90c9-34377e4ed53e,HMZ3CZDHH4
811163d5-c089-4710-ad3b-e7295c883b37,HMQ5Z4SW3W
bcdb892c-f925-46de-822c-44d695e0f9b8,HMQM5BXTYA
5d21fea9-477d-4575-8332-c140dd9405c3,HMYPWSKAHM
59aa8461-2e90-42fa-8ec9-9f495d809a16,HMH9SJBFBQ
89b1d5da-cb95-459c-8bee-e861786756de,HMFTDCJKYJ
de065d0b-67c6-4848-84ba-3735d21d8028,HM2N399N5Y
dc6aee4e-1a9a-4f6a-8270-729ea704c2bf,HMA9FRTZM8
d9704004-86bd-4635-b3af-d907828f5a62,HMAWCN49A5
82625f64-3d21-4345-80f8-c845a9f1987f,HMD98S8T8K
b58f0240-f4fc-403a-a694-f415e1c15448,HMWHCJD9MT
53f9ea8d-dcb5-46d9-b13a-deecf8ea9f11,HM884TCCQC
75a39dd7-8975-4d1e-a535-802f88659258,HMH8N9AJ55
f6f837b0-76e1-4fd0-beaa-b7e81fa88f8b,HMY8QWNKA2
a651096e-a33a-4283-87b5-946faa18fe16,HMFEJJC5HB
20b9945d-39b5-4003-9308-08b2bf17cfff,HM93FFHBKM
9ed83aa2-07dc-4417-a504-38d16dd21f91,HMEWN4YC5T
cad39aff-3fe9-446d-bc55-fda876fbbd80,HMM395SQ3R
6ced9ab1-73f7-4c57-a864-d5f2b583401b,HMEZ8354ZX
e353142a-9f07-4463-af54-d117daa036ab,HM2T5X8MCW
a7a8dba7-48d9-42ea-843f-98487cd3dcc1,HM99BEKR8R
d024557c-586b-4aea-a87e-e558c799a164,HM9DZY8JN3
0bd249d7-8f2f-4df7-a151-78e81f8ac7ea,HM8J8Z5NCP
c6847479-f06c-4f5a-bd42-3ccc44476d7e,HMYDFR8BZE
b41be383-3d54-4ba5-98ea-9e47fa7a073b,HMBT9ZHERY
10b52bed-8c99-44d2-a082-c92486158987,HMQCXP8E25
e0664c99-7a2f-4367-994f-007ba3a2e039,HMZBJR4BSM
cf0b2e8b-c9fe-4a42-8c7b-e72bd3160613,HMNM2CSWF8
225751ff-118c-4537-aafd-7db7c452f8c9,HMZR2T5DDR
5e6c0a5a-efe5-45f4-bd34-65e32fc6a0e9,HMSTM2ADA5
2ab74cf2-2b17-4809-94fd-1b4b96d2c016,HMZ9JQH2W3
06c7a48e-af5e-43da-ac45-e76690b9280e,HMYFPTSSR3
8cdf857a-cb17-43b0-a616-7e87dd6fb625,HMYR9F9NKM
36f8b04c-e468-47c1-a232-ebb55bfa8af8,HM93KHSQ4Z
39e9d38d-9855-4506-8c83-36f87678c025,HMJZFNEDAC
60baca30-91fa-4662-9d10-0ed66ef9665b,HM94BKWTFS
3fec7688-9801-4896-be9e-1468d51475be,HM4T9T5PKY
7cebde56-51bb-4f8c-9efc-81ca19e45941,HMCEPRXTXR
d9993440-404f-4d01-9173-7bcf80f65915,HM5YE5WYP5
3318cf83-4da0-40e4-806d-2ec75de443be,HMTHJK3RYN
bfbb4255-9885-42e9-8e2f-b2b7a278d6ef,HMBWSDQWJS
78251f0c-6af1-4217-9fb4-25908a1cd1c3,HMKNTQEM9Y
45ecc949-6137-48dd-8e8f-16d865524d28,HM3EZW8JSF
f61abb94-a692-4065-87b9-6ada523a7dc4,HMKBP2B89K
b6e4f7be-f980-4b37-b0bd-220d07618d96,HMSNREJ4XT
0507646f-7dc8-4995-8c46-9d3293095bc6,HMZS3XYJFP
0c019c91-4217-420f-9733-157c227745ea,HMPBNDFA3Q
e06cdc5a-185c-4232-b096-3a7bbc3adc67,HMS54FBSSX
6feab70a-d4a6-47fc-96cf-d4d2ee3929c3,HM94ZKBBBC
137d6bdf-7d40-4b58-aa41-60be04828232,HMZXHN2CHS
3992d686-4ac3-436b-9fee-fec5fd6ce141,HM3TJ32A58
9ee8a966-dfab-475f-aff4-6b205855f302,HM8ZMP3AY8
7c1f64c9-5530-49ff-8252-092bcb44a093,HMWJX3CXDY
a3580c66-d279-4436-9f93-12d1acd25ac0,HMPTAZ8EPK
99b05161-24f4-40b1-a286-e530e476e612,HMJCWFMR55
2f60c475-7cb1-4fa1-bdd7-bf12aaa83a82,HME4TC3HXN
20f92600-76ff-4450-a773-044f0c21c96f,HMBCN888ZQ
99207512-7231-4ed4-a765-3c05740f684f,HM58NMZ4W3
d0d214f7-1d40-466f-8c18-e5fd4550036f,HMD5ACM9WD
64ea3f69-2a0c-43cf-9b15-bf7ad6d36e7c,HMPPCHJEAR
3016147f-3775-41df-a1e1-b6014ef13511,HM4WCEMBAA
7bc6d525-da42-4f98-99cb-cf17c110ce3a,HM3Z95DP3J
2d3a9566-0436-4b2d-8605-6a8834805f84,HMYPKPY4TS
f5ae03d4-41f4-4f00-9f1e-ed232751340a,HMWTM4MJF2
0fbe7db6-ff87-434b-90af-0c0061eb2eee,HMAECWJJPR
007fe6a8-81e4-4478-85a8-bf1d60ee3368,HMSAYXQRDW
cda06710-a939-49b3-8689-b7fc31556be0,HM4X2NMQ2N
1e70d6de-49c3-46e3-8444-fbd07684e8dc,HMJMKWAZ3X
56c8901f-3ce2-4f42-baa6-d1813b1a0688,HM2WK5TQ4K
ca4caa74-69b1-4939-8791-0ae48e9ed9fa,HMCZA3PXCW
098efbdd-ebc5-40f7-be6c-30a655c39081,HM2BPQ4225
6008ff55-9420-467d-ad9d-cf758ab82ae6,HMTKSP2TDX
5bdf46a6-fd3f-493a-a809-180bdf402ea3,HMWPA5ZCWR
ffa9a67f-21b1-47b3-9d46-958f431ed95e,HM3SMWBYHJ
5f7b2ec1-9fbc-4733-ac8f-db45397b5eb8,HM99D9F5BX
b81b07bd-f85e-46b1-a1b4-9f0cc86b0d78,HM4C3WM9CQ
e3b6b5da-0a9c-47d3-88c6-4771e7f0ad2c,HMPWSMEEJF
7dfe231a-1fd2-4914-92fc-03a48180aa5d,HMRYP9CPQ5
2ec756f3-510f-4508-9ec9-a32b13cee2d9,HMCKD822SQ
895a3dba-915f-4476-8972-2acbeb0650e7,HM29AXCJBB
a10c7939-f686-45ce-b131-c493ca1157b6,HMECQBYD2R
d8d40bee-539e-42ec-908b-d81a8b0f3de9,HMAM3B24K5
a00ea16b-87c3-4fc5-9461-3068143a38aa,HMKXXYWD39
fcbb099d-863e-4ec9-b209-598a1127097a,HMEE8FB4DZ
a22e7b6f-0431-4b22-ae03-8a7e0f98df7c,HM2FE48CJM
07745325-1a23-4e6d-ab00-7583654ca21e,HM2TZP55Z3
2b864a7e-c725-4d35-a2e4-7183d399e6db,HM44QHRHDR
40fb6fb8-cf2f-4780-a144-2b844d346002,HMEZBTMFHT
8364dbb0-18c5-4f47-8a6a-5c97b854c186,HMPPKAHHH2
abfd7f5a-7020-4763-8dfa-0fd6385a606b,HM933W9PC9
6e19bcd6-e19d-412f-9291-62807f156624,HMQZWNXKA2
be1d44c0-d74b-4f29-a535-afd473ff1a9a,HMRKHWHYX8
4f7e1026-6a1a-42fe-a485-22805c81e3a4,HMM5PBDS2T
cdef8bb8-6435-4062-ad69-f9e6d14dfc40,HMBQNQ5C8C
98fac17b-a1c2-4cd5-be7e-3e5173fdcadc,HM54RDSEBD
7cbeebbc-374e-48b7-b8a1-be9862ba1e98,HMX5C9FKAN
5d3ab719-c8f2-40a9-8046-f6324c5f9a27,HM339BSBBK
6654db27-f119-4cc7-a9cf-038b3b375739,HMW5FC4CPA
65190e0c-0039-4cea-bb74-1fce083e7263,HMXFHBY5XN
7716e8a4-e496-4468-a269-3acfb5fe240d,HM8QD3B3PS
7c3a0582-cb88-4270-a16b-237d281fb24d,HMBDRTB5XN
d3e51633-c3cd-4174-a581-2899ae98aa52,HMKJKYAZCD
c9c782e2-1040-4ee9-98cf-bd879e7a47c2,HMEMERB3WM
f696f3e7-1745-4821-8ab7-97edc49ab52b,HMJ2SNYDD8
3586f22b-e35f-4590-ae4e-e5b37b0e8221,HM2BYRQF98
b047f04a-ff35-4a60-aa19-ae219141138c,HMYF8BCTJM
54ae118d-aa2c-4aad-bb4e-94bcb871a1db,HMK44XMFRK
5735ffc3-2d6b-4de9-992a-42a2dbe7ba89,HMNF42HX5K
5009f5d1-9b01-4138-8af5-6398ff27b8ee,HM5AQ9TRW8
98f2bb4b-de7a-418c-89aa-254ed47e6324,HMDPW4ANMC
e0a340b1-d908-4406-a43c-6435f77105d4,HMT58RDS5Z
a4d978cb-78e5-4af4-a4b3-7c891fd5177b,HMFFE58CPB
407bac87-75b9-4507-9a70-424fea02d3f0,HMHAQRQRHZ
a72bb022-e56d-4c29-b91c-6c4b7871d935,HM354WMCE5
c4b2fb32-df8b-4d2d-9c03-5c11eb8f4dd7,HME2BNRMBK
0f7e2fa6-a8ff-435f-8689-126a1abdba5a,HMKXBCRH8K
db0f90f1-4453-40a9-ab04-1781371e1512,HMFXCTKN8B
9684e705-6371-436e-8e65-204587ec45bf,HMFACFT2CJ
316302b0-5a72-4e51-9b8a-4102caa43a5e,HM2ZTFAXTX
7ced804a-d131-4273-8acc-4124739e6348,HM22ZCANXM
90e41cfd-7169-456e-b588-1310f092d7a7,HM4ESS8KY4
764ccc97-50e5-4db6-86b0-5b2aab77023a,HM2ZZPHJ89
10bb406e-528d-46d0-baff-9c5a2752aea5,HMTMHH9BKZ
2a0d7c21-c914-466d-ad53-ad01b970c2c8,HMSAFHW2HS
2359249c-240e-4681-8bce-fcd82ffbd18d,HM52PCNT9A
19283c68-8ae9-4746-8106-d427d0c221f7,HMCBSTR4SB
c1b59615-774b-4603-a32e-c32d281377ae,HM5HEYC4FM
5c65ef97-0bfc-411a-86a3-3afa79d504ed,HMB5SBZ3HQ
062b6b47-7a4a-46da-ba97-c8f801780a71,HMMX8BCRP3
119175da-7366-4b4d-bf1d-4cdfe427ba10,HM9NNQJAHQ
5faf9299-215c-4a10-8952-85f8d37f4c6d,HMWWKF55AB
d7721686-c97c-4961-ada9-25091d667960,HM2B3YSADF
c5551f06-92de-42fa-a1b6-2d284f5f770e,HMK2K4PPF5
24469e05-02fb-4182-a9b6-d30b88e0553e,HMR42RXJQS
0db6797a-7832-4687-ba4b-0be03386c0d4,HMMRKCYTQX
0cbb5712-c811-4d65-bfaf-c0de2649f71b,HM5WJYN8AE
3a0150fa-5d95-4785-ae0d-df90360aaba9,HM4EFPWCSF
9365215d-a8d4-49d8-907b-f37c7b52d15b,HMHRYDPDWJ
c63cf6d5-ac5c-4a6e-9c11-f8ec2ff47c07,HMK9ENZ8TD
b32be80f-db9e-47fc-98d5-0032c715ab2a,HMERPH2YA3
ba64179d-8862-4167-8bb1-9a4a5eb222a2,HM2QYQM88D
e7dc81ee-f39d-4d4d-b485-5cb832d81afa,HM9BX2E4FN
9b16bb4a-be26-4294-8a9c-a8b02e760d0c,HMNNWDPXKH
75678f0c-8784-466e-8c92-dd534dbcce24,HMK3T54AK5
1743e5a7-0043-4c40-8965-6d1c326e8f4d,HM3PNJBNWR
86240499-6459-4f03-8c1c-0cf36857a213,HMEX2DBY5N
0e5097a1-9e41-4bff-9314-26f1568c2808,HMKHP449RK
1a0e8509-4c75-478f-9b2e-9e5f71c0326d,HMRJCS2BCF
818a01e7-98ed-4848-aba3-ef2159a9a29d,HM925YYASX
ec3ca9df-f0d4-49ff-ae4c-a405fc321d50,HMS9SC9YDB
cb1c1463-a766-4d7b-a0e7-c0249c6dd400,HMF5KM242X
acece8da-f240-446d-8540-3074b7801876,HM8DNMADQC
adccfd3d-0a7f-4713-bceb-854d8e9c90e2,HMAY8DFMFR
bc6e1102-5f58-4926-abd0-2d7a2532cd73,HMH8TF8KYB
34579975-8774-4d15-8184-a2fa41e44d1d,HMMDCNNHH4
316456be-3088-40c3-822b-fe6017c0d15a,HM3XEXDSAP
4bf49f41-27d9-4c15-8839-47d59ef1a712,HM32MS9ACR
eade90cc-bc26-46bf-9752-39685b6ce5e9,HM3P94RNMB
06019d7b-17be-4e4b-8c46-e872f0b385b2,HMDYW89XQC
f504a7d0-0794-41fa-b876-97d52a2ba4d4,HMWKXN4SK9
675a8cb2-e709-4cea-a462-9f64f35fe1c3,GRM53E
e6126217-1fcf-40a7-a0e2-fc1f9890d04b,HM4EJMHEXS
38e8e0c3-b8b6-4bdf-b63b-773cf44344d1,HMR9NBY4RY
e0489921-d83c-493f-a48c-862bba56dd1f,HMM89YQQ39
45baa025-0893-4bc9-8847-92c3f3d8b8fb,HMT5B8FBXX
08a1c35e-db60-4c19-b458-d7fab5591c59,HM4HNS4N8P
789c4178-9fcd-40c4-beaa-0287995d60dd,HMXRQXJ248
f5dd0290-e83f-4889-ab30-c64d6dcba40e,HMQWAS2QNM
601a3ace-95b3-4b9f-98b7-4b139fc64735,HMKRPX2KPE
cccf6d38-6bba-4d69-9106-0dac2f88bbfc,HM54RYF2SF
6ae0bfc0-47c2-413c-a6a3-4e27321a2c01,HM9ASQNXHE
98a55ddd-97a6-42b6-8a0e-17f1adf1e2b9,HMETZFRTCT
7fd112ae-4aec-4c96-9603-dd836ffa30b9,HMFPWBHYSB
6442d33c-12d8-4025-8e88-d6e45f8f3f25,HMJ99NDHXB
e469d013-03f5-4866-8000-0f7b81c8aa4a,HMJNPDKZPH
e88ddba8-c353-4c59-bef6-8cf601089f09,HM4TPASPFT
9f824ad8-d40a-4fa4-bf26-401404bf0369,HMTWMSE4YF
c52c3785-555a-49d5-80fd-5e7c5bd6f4c1,HMZXATNQH8
b327a1a2-68f9-4e4e-9226-4ee80ed95233,HMZC2CHXRK
